序号,时间s,累计体积ml,单个体积(每5s),平均单个体积(每5s),实际通量,,膜孔径,,,
0,0,0,0,0,0.055087099,,1.06,,,
1,5,0.87,0.87,0.87,0.045212996,,,,,
2,10,2.18,1.31,1.31,0.068079339,,,,,
3,15,3.37,1.19,1.122,0.058309174,,,,,
4,20,4.5,1.13,1.164,0.060491871,,,,,
5,25,5.61,1.11,1.11,0.057685547,,,,,
6,30,6.69,1.08,1.08,0.056126478,,,,,
7,35,7.73,1.04,1.058,0.054983161,,,,,
8,40,8.77,1.04,1.032,0.053631968,,,,,
9,45,9.79,1.02,0.998,0.051865023,,,,,
10,50,10.77,0.98,0.99,0.051449271,,,,,
11,55,11.68,0.91,0.966,0.050202016,,,,,
12,60,12.68,1,0.944,0.049058699,,,,,
13,65,13.6,0.92,0.928,0.048227196,,,,,
14,70,14.51,0.91,0.926,0.048123258,,,,,
15,75,15.41,0.9,0.9,0.046772065,,,,,
16,80,16.31,0.9,0.884,0.045940562,,,,,
17,85,17.18,0.87,0.876,0.04552481,,,,,
18,90,18.02,0.84,0.864,0.044901182,,,,,
19,95,18.89,0.87,0.852,0.044277555,,,,,
20,100,19.73,0.84,0.834,0.043342113,,,,,
21,105,20.57,0.84,0.826,0.042926362,,,,,
22,110,21.35,0.78,0.814,0.042302734,,,,,
23,115,22.15,0.8,0.804,0.041783045,,,,,
24,120,22.96,0.81,0.796,0.041367293,,,,,
25,125,23.75,0.79,0.802,0.041679107,,,,,
26,130,24.55,0.8,0.788,0.040951541,,,,,
27,135,25.36,0.81,0.78,0.04053579,,,,,
28,140,26.09,0.73,0.772,0.040120038,,,,,
29,145,26.86,0.77,0.764,0.039704286,,,,,
30,150,27.61,0.75,0.746,0.038768845,,,,,
31,155,28.37,0.76,0.754,0.039184597,,,,,
32,160,29.09,0.72,0.742,0.038560969,,,,,
33,165,29.86,0.77,0.738,0.038353093,,,,,
34,170,30.57,0.71,0.734,0.038145217,,,,,
35,175,31.3,0.73,0.73,0.037937342,,,,,
36,180,32.04,0.74,0.718,0.037313714,,,,,
37,185,32.74,0.7,0.706,0.036690086,,,,,
38,190,33.45,0.71,0.706,0.036690086,,,,,
39,195,34.1,0.65,0.698,0.036274335,,,,,
40,200,34.83,0.73,0.696,0.036170397,,,,,
41,205,35.53,0.7,0.69,0.035858583,,,,,
42,210,36.22,0.69,0.69,0.035858583,,,,,
43,215,36.9,0.68,0.678,0.035234956,,,,,
44,220,37.55,0.65,0.67,0.034819204,,,,,
45,225,38.22,0.67,0.672,0.034923142,,,,,
46,230,38.88,0.66,0.67,0.034819204,,,,,
47,235,39.58,0.7,0.668,0.034715266,,,,,
48,240,40.25,0.67,0.664,0.03450739,,,,,
49,245,40.89,0.64,0.662,0.034403452,,,,,
50,250,41.54,0.65,0.646,0.033571949,,,,,
51,255,42.19,0.65,0.642,0.033364073,,,,,
52,260,42.81,0.62,0.636,0.033052259,,,,,
53,265,43.46,0.65,0.64,0.033260135,,,,,
54,270,44.07,0.61,0.632,0.032844383,,,,,
55,275,44.74,0.67,0.638,0.033156197,,,,,
56,280,45.35,0.61,0.624,0.032428632,,,,,
57,285,46,0.65,0.628,0.032636508,,,,,
58,290,46.58,0.58,0.614,0.031908942,,,,,
59,295,47.21,0.63,0.618,0.032116818,,,,,
60,300,47.81,0.6,0.61,0.031701066,,,,,
61,305,48.44,0.63,0.608,0.031597128,,,,,
62,310,49.05,0.61,0.614,0.031908942,,,,,
63,315,49.62,0.57,0.604,0.031389252,,,,,
64,320,50.28,0.66,0.602,0.031285315,,,,,
65,325,50.83,0.55,0.604,0.031389252,,,,,
66,330,51.45,0.62,0.602,0.031285315,,,,,
67,335,52.07,0.62,0.584,0.030349873,,,,,
68,340,52.63,0.56,0.59,0.030661687,,,,,
69,345,53.2,0.57,0.584,0.030349873,,,,,
70,350,53.78,0.58,0.574,0.029830184,,,,,
71,355,54.37,0.59,0.572,0.029726246,,,,,
72,360,54.94,0.57,0.582,0.030245935,,,,,
73,365,55.49,0.55,0.58,0.030141997,,,,,
74,370,56.11,0.62,0.568,0.02951837,,,,,
75,375,56.68,0.57,0.568,0.02951837,,,,,
76,380,57.21,0.53,0.572,0.029726246,,,,,
77,385,57.78,0.57,0.564,0.029310494,,,,,
78,390,58.35,0.57,0.564,0.029310494,,,,,
79,395,58.93,0.58,0.568,0.02951837,,,,,
80,400,59.5,0.57,0.564,0.029310494,,,,,
81,405,60.05,0.55,0.558,0.02899868,,,,,
82,410,60.6,0.55,0.556,0.028894742,,,,,
83,415,61.14,0.54,0.544,0.028271115,,,,,
84,420,61.71,0.57,0.548,0.028478991,,,,,
85,425,62.22,0.51,0.546,0.028375053,,,,,
86,430,62.79,0.57,0.54,0.028063239,,,,,
87,435,63.33,0.54,0.538,0.027959301,,,,,
88,440,63.84,0.51,0.546,0.028375053,,,,,
89,445,64.4,0.56,0.534,0.027751425,,,,,
90,450,64.95,0.55,0.53,0.027543549,,,,,
91,455,65.46,0.51,0.528,0.027439611,,,,,
92,460,65.98,0.52,0.53,0.027543549,,,,,
93,465,66.48,0.5,0.526,0.027335673,,,,,
94,470,67.05,0.57,0.528,0.027439611,,,,,
95,475,67.58,0.53,0.52,0.02702386,,,,,
96,480,68.1,0.52,0.53,0.027543549,,,,,
97,485,68.58,0.48,0.524,0.027231736,,,,,
98,490,69.13,0.55,0.524,0.027231736,,,,,
99,495,69.67,0.54,0.518,0.026919922,,,,,
100,500,70.2,0.53,0.522,0.027127798,,,,,
101,505,70.69,0.49,0.52,0.02702386,,,,,
102,510,71.19,0.5,0.518,0.026919922,,,,,
103,515,71.73,0.54,0.512,0.026608108,,,,,
104,520,72.26,0.53,0.512,0.026608108,,,,,
105,525,72.76,0.5,0.508,0.026400232,,,,,
106,530,73.25,0.49,0.5,0.025984481,,,,,
107,535,73.73,0.48,0.496,0.025776605,,,,,
108,540,74.23,0.5,0.496,0.025776605,,,,,
109,545,74.74,0.51,0.5,0.025984481,,,,,
110,550,75.24,0.5,0.5,0.025984481,,,,,
111,555,75.75,0.51,0.492,0.025568729,,,,,
112,560,76.23,0.48,0.494,0.025672667,,,,,
113,565,76.69,0.46,0.488,0.025360853,,,,,
114,570,77.21,0.52,0.49,0.025464791,,,,,
115,575,77.68,0.47,0.496,0.025776605,,,,,
116,580,78.2,0.52,0.494,0.025672667,,,,,
117,585,78.71,0.51,0.486,0.025256915,,,,,
118,590,79.16,0.45,0.486,0.025256915,,,,,
119,595,79.64,0.48,0.48,0.024945101,,,,,
120,600,80.11,0.47,0.476,0.024737225,,,,,
121,605,80.6,0.49,0.48,0.024945101,,,,,
122,610,81.09,0.49,0.482,0.025049039,,,,,
123,615,81.56,0.47,0.488,0.025360853,,,,,
124,620,82.05,0.49,0.486,0.025256915,,,,,
125,625,82.55,0.5,0.482,0.025049039,,,,,
126,630,83.03,0.48,0.482,0.025049039,,,,,
127,635,83.5,0.47,0.474,0.024633288,,,,,
128,640,83.97,0.47,0.47,0.024425412,,,,,
129,645,84.42,0.45,0.468,0.024321474,,,,,
130,650,84.9,0.48,0.466,0.024217536,,,,,
131,655,85.37,0.47,0.466,0.024217536,,,,,
132,660,85.83,0.46,0.47,0.024425412,,,,,
133,665,86.3,0.47,0.462,0.02400966,,,,,
134,670,86.77,0.47,0.46,0.023905722,,,,,
135,675,87.21,0.44,0.462,0.02400966,,,,,
136,680,87.67,0.46,0.456,0.023697846,,,,,
137,685,88.14,0.47,0.448,0.023282095,,,,,
138,690,88.58,0.44,0.454,0.023593908,,,,,
139,695,89.01,0.43,0.454,0.023593908,,,,,
140,700,89.48,0.47,0.452,0.02348997,,,,,
141,705,89.94,0.46,0.464,0.024113598,,,,,
142,710,90.4,0.46,0.466,0.024217536,,,,,
143,715,90.9,0.5,0.462,0.02400966,,,,,
144,720,91.34,0.44,0.456,0.023697846,,,,,
145,725,91.79,0.45,0.452,0.02348997,,,,,
146,730,92.22,0.43,0.446,0.023178157,,,,,
147,735,92.66,0.44,0.442,0.022970281,,,,,
148,740,93.13,0.47,0.44,0.022866343,,,,,
149,745,93.55,0.42,0.44,0.022866343,,,,,
150,750,93.99,0.44,0.442,0.022970281,,,,,
151,755,94.42,0.43,0.432,0.022450591,,,,,
152,760,94.87,0.45,0.436,0.022658467,,,,,
153,765,95.29,0.42,0.448,0.023282095,,,,,
154,770,95.73,0.44,0.444,0.023074219,,,,,
155,775,96.23,0.5,0.442,0.022970281,,,,,
156,780,96.64,0.41,0.442,0.022970281,,,,,
157,785,97.08,0.44,0.436,0.022658467,,,,,
158,790,97.5,0.42,0.436,0.022658467,,,,,
159,795,97.91,0.41,0.434,0.022554529,,,,,
160,800,98.41,0.5,0.436,0.022658467,,,,,
161,805,98.81,0.4,0.44,0.022866343,,,,,
162,810,99.26,0.45,0.444,0.023074219,,,,,
163,815,99.7,0.44,0.422,0.021930902,,,,,
164,820,100.13,0.43,0.434,0.022554529,,,,,
165,825,100.52,0.39,0.422,0.021930902,,,,,
166,830,100.98,0.46,0.416,0.021619088,,,,,
167,835,101.37,0.39,0.418,0.021723026,,,,,
168,840,101.78,0.41,0.428,0.022242715,,,,,
169,845,102.22,0.44,0.42,0.021826964,,,,,
170,850,102.66,0.44,0.422,0.021930902,,,,,
171,855,103.08,0.42,0.434,0.022554529,,,,,
172,860,103.48,0.4,0.432,0.022450591,,,,,
173,865,103.95,0.47,0.422,0.021930902,,,,,
174,870,104.38,0.43,0.42,0.021826964,,,,,
175,875,104.77,0.39,0.426,0.022138777,,,,,
176,880,105.18,0.41,0.42,0.021826964,,,,,
177,885,105.61,0.43,0.416,0.021619088,,,,,
178,890,106.05,0.44,0.42,0.021826964,,,,,
179,895,106.46,0.41,0.412,0.021411212,,,,,
180,900,106.87,0.41,0.412,0.021411212,,,,,
181,905,107.24,0.37,0.408,0.021203336,,,,,
182,910,107.67,0.43,0.404,0.02099546,,,,,
183,915,108.09,0.42,0.41,0.021307274,,,,,
184,920,108.48,0.39,0.414,0.02151515,,,,,
185,925,108.92,0.44,0.416,0.021619088,,,,,
186,930,109.31,0.39,0.408,0.021203336,,,,,
187,935,109.75,0.44,0.412,0.021411212,,,,,
188,940,110.13,0.38,0.404,0.02099546,,,,,
189,945,110.54,0.41,0.404,0.02099546,,,,,
190,950,110.94,0.4,0.402,0.020891522,,,,,
191,955,111.33,0.39,0.4,0.020787584,,,,,
192,960,111.76,0.43,0.402,0.020891522,,,,,
193,965,112.13,0.37,0.406,0.021099398,,,,,
194,970,112.55,0.42,0.4,0.020787584,,,,,
195,975,112.97,0.42,0.404,0.02099546,,,,,
196,980,113.33,0.36,0.404,0.02099546,,,,,
197,985,113.78,0.45,0.396,0.020579709,,,,,
198,990,114.15,0.37,0.396,0.020579709,,,,,
199,995,114.53,0.38,0.408,0.021203336,,,,,
200,1000,114.95,0.42,0.398,0.020683646,,,,,
201,1005,115.37,0.42,0.404,0.02099546,,,,,
202,1010,115.77,0.4,0.402,0.020891522,,,,,
203,1015,116.17,0.4,0.398,0.020683646,,,,,
204,1020,116.54,0.37,0.388,0.020163957,,,,,
205,1025,116.94,0.4,0.392,0.020371833,,,,,
206,1030,117.31,0.37,0.382,0.019852143,,,,,
207,1035,117.73,0.42,0.394,0.020475771,,,,,
208,1040,118.08,0.35,0.386,0.020060019,,,,,
209,1045,118.51,0.43,0.396,0.020579709,,,,,
210,1050,118.87,0.36,0.386,0.020060019,,,,,
211,1055,119.29,0.42,0.4,0.020787584,,,,,
212,1060,119.66,0.37,0.382,0.019852143,,,,,
213,1065,120.08,0.42,0.396,0.020579709,,,,,
214,1070,120.42,0.34,0.384,0.019956081,,,,,
215,1075,120.85,0.43,0.384,0.019956081,,,,,
216,1080,121.21,0.36,0.38,0.019748205,,,,,
217,1085,121.58,0.37,0.382,0.019852143,,,,,
218,1090,121.98,0.4,0.382,0.019852143,,,,,
219,1095,122.33,0.35,0.378,0.019644267,,,,,
220,1100,122.76,0.43,0.388,0.020163957,,,,,
221,1105,123.1,0.34,0.38,0.019748205,,,,,
222,1110,123.52,0.42,0.384,0.019956081,,,,,
223,1115,123.88,0.36,0.38,0.019748205,,,,,
224,1120,124.25,0.37,0.39,0.020267895,,,,,
225,1125,124.66,0.41,0.378,0.019644267,,,,,
226,1130,125.05,0.39,0.378,0.019644267,,,,,
227,1135,125.41,0.36,0.388,0.020163957,,,,,
228,1140,125.77,0.36,0.362,0.018812764,,,,,
229,1145,126.19,0.42,0.37,0.019228516,,,,,
230,1150,126.47,0.28,0.37,0.019228516,,,,,
231,1155,126.9,0.43,0.382,0.019852143,,,,,
232,1160,127.26,0.36,0.37,0.019228516,,,,,
233,1165,127.68,0.42,0.382,0.019852143,,,,,
234,1170,128.04,0.36,0.37,0.019228516,,,,,
235,1175,128.38,0.34,0.382,0.019852143,,,,,
236,1180,128.75,0.37,0.37,0.019228516,,,,,
237,1185,129.17,0.42,0.364,0.018916702,,,,,
238,1190,129.53,0.36,0.376,0.019540329,,,,,
239,1195,129.86,0.33,0.372,0.019332453,,,,,
240,1200,130.26,0.4,0.362,0.018812764,,,,,
241,1205,130.61,0.35,0.36,0.018708826,,,,,
242,1210,130.98,0.37,0.382,0.019852143,,,,,
243,1215,131.33,0.35,0.368,0.019124578,,,,,
244,1220,131.77,0.44,0.368,0.019124578,,,,,
245,1225,132.1,0.33,0.366,0.01902064,,,,,
246,1230,132.45,0.35,0.378,0.019644267,,,,,
247,1235,132.81,0.36,0.358,0.018604888,,,,,
248,1240,133.22,0.41,0.366,0.01902064,,,,,
249,1245,133.56,0.34,0.364,0.018916702,,,,,
250,1250,133.93,0.37,0.364,0.018916702,,,,,
251,1255,134.27,0.34,0.352,0.018293074,,,,,
252,1260,134.63,0.36,0.362,0.018812764,,,,,
253,1265,134.98,0.35,0.36,0.018708826,,,,,
254,1270,135.37,0.39,0.358,0.018604888,,,,,
255,1275,135.73,0.36,0.366,0.01902064,,,,,
256,1280,136.06,0.33,0.366,0.01902064,,,,,
257,1285,136.46,0.4,0.358,0.018604888,,,,,
258,1290,136.81,0.35,0.35,0.018189136,,,,,
259,1295,137.16,0.35,0.364,0.018916702,,,,,
260,1300,137.48,0.32,0.358,0.018604888,,,,,
261,1305,137.88,0.4,0.356,0.01850095,,,,,
262,1310,138.25,0.37,0.354,0.018397012,,,,,
263,1315,138.59,0.34,0.36,0.018708826,,,,,
264,1320,138.93,0.34,0.358,0.018604888,,,,,
265,1325,139.28,0.35,0.356,0.01850095,,,,,
266,1330,139.67,0.39,0.36,0.018708826,,,,,
267,1335,140.03,0.36,0.358,0.018604888,,,,,
268,1340,140.39,0.36,0.358,0.018604888,,,,,
269,1345,140.72,0.33,0.348,0.018085198,,,,,
270,1350,141.07,0.35,0.346,0.017981261,,,,,
271,1355,141.41,0.34,0.342,0.017773385,,,,,
272,1360,141.76,0.35,0.348,0.018085198,,,,,
273,1365,142.1,0.34,0.346,0.017981261,,,,,
274,1370,142.46,0.36,0.346,0.017981261,,,,,
275,1375,142.8,0.34,0.344,0.017877323,,,,,
276,1380,143.14,0.34,0.35,0.018189136,,,,,
277,1385,143.48,0.34,0.348,0.018085198,,,,,
278,1390,143.85,0.37,0.358,0.018604888,,,,,
279,1395,144.2,0.35,0.348,0.018085198,,,,,
280,1400,144.59,0.39,0.35,0.018189136,,,,,
281,1405,144.88,0.29,0.346,0.017981261,,,,,
282,1410,145.23,0.35,0.346,0.017981261,,,,,
283,1415,145.58,0.35,0.332,0.017253695,,,,,
284,1420,145.93,0.35,0.352,0.018293074,,,,,
285,1425,146.25,0.32,0.342,0.017773385,,,,,
286,1430,146.64,0.39,0.344,0.017877323,,,,,
287,1435,146.94,0.3,0.34,0.017669447,,,,,
288,1440,147.3,0.36,0.346,0.017981261,,,,,
289,1445,147.63,0.33,0.338,0.017565509,,,,,
290,1450,147.98,0.35,0.35,0.018189136,,,,,
291,1455,148.33,0.35,0.342,0.017773385,,,,,
292,1460,148.69,0.36,0.348,0.018085198,,,,,
293,1465,149.01,0.32,0.346,0.017981261,,,,,
294,1470,149.37,0.36,0.344,0.017877323,,,,,
295,1475,149.71,0.34,0.342,0.017773385,,,,,
296,1480,150.05,0.34,0.344,0.017877323,,,,,
297,1485,150.4,0.35,0.332,0.017253695,,,,,
298,1490,150.73,0.33,0.332,0.017253695,,,,,
299,1495,151.03,0.3,0.336,0.017461571,,,,,
300,1500,151.37,0.34,0.326,0.016941881,,,,,
301,1505,151.73,0.36,0.33,0.017149757,,,,,
302,1510,152.03,0.3,0.34,0.017669447,,,,,
303,1515,152.38,0.35,0.338,0.017565509,,,,,
304,1520,152.73,0.35,0.334,0.017357633,,,,,
305,1525,153.06,0.33,0.34,0.017669447,,,,,
306,1530,153.4,0.34,0.336,0.017461571,,,,,
307,1535,153.73,0.33,0.332,0.017253695,,,,,
308,1540,154.06,0.33,0.336,0.017461571,,,,,
309,1545,154.39,0.33,0.334,0.017357633,,,,,
310,1550,154.74,0.35,0.336,0.017461571,,,,,
311,1555,155.07,0.33,0.338,0.017565509,,,,,
312,1560,155.41,0.34,0.338,0.017565509,,,,,
313,1565,155.75,0.34,0.324,0.016837943,,,,,
314,1570,156.08,0.33,0.326,0.016941881,,,,,
315,1575,156.36,0.28,0.326,0.016941881,,,,,
316,1580,156.7,0.34,0.326,0.016941881,,,,,
317,1585,157.04,0.34,0.33,0.017149757,,,,,
318,1590,157.38,0.34,0.34,0.017669447,,,,,
319,1595,157.73,0.35,0.338,0.017565509,,,,,
320,1600,158.06,0.33,0.324,0.016837943,,,,,
321,1605,158.39,0.33,0.324,0.016837943,,,,,
322,1610,158.66,0.27,0.32,0.016630068,,,,,
323,1615,159,0.34,0.322,0.016734005,,,,,
324,1620,159.33,0.33,0.324,0.016837943,,,,,
325,1625,159.67,0.34,0.336,0.017461571,,,,,
326,1630,160.01,0.34,0.324,0.016837943,,,,,
327,1635,160.34,0.33,0.324,0.016837943,,,,,
328,1640,160.62,0.28,0.324,0.016837943,,,,,
329,1645,160.95,0.33,0.32,0.016630068,,,,,
330,1650,161.29,0.34,0.32,0.016630068,,,,,
331,1655,161.61,0.32,0.32,0.016630068,,,,,
332,1660,161.94,0.33,0.32,0.016630068,,,,,
333,1665,162.22,0.28,0.32,0.016630068,,,,,
334,1670,162.55,0.33,0.326,0.016941881,,,,,
335,1675,162.89,0.34,0.316,0.016422192,,,,,
336,1680,163.24,0.35,0.324,0.016837943,,,,,
337,1685,163.52,0.28,0.324,0.016837943,,,,,
338,1690,163.84,0.32,0.326,0.016941881,,,,,
339,1695,164.17,0.33,0.308,0.01600644,,,,,
340,1700,164.52,0.35,0.322,0.016734005,,,,,
341,1705,164.78,0.26,0.326,0.016941881,,,,,
342,1710,165.13,0.35,0.324,0.016837943,,,,,
343,1715,165.47,0.34,0.312,0.016214316,,,,,
344,1720,165.79,0.32,0.326,0.016941881,,,,,
345,1725,166.08,0.29,0.318,0.01652613,,,,,
346,1730,166.41,0.33,0.316,0.016422192,,,,,
347,1735,166.72,0.31,0.316,0.016422192,,,,,
348,1740,167.05,0.33,0.316,0.016422192,,,,,
349,1745,167.37,0.32,0.316,0.016422192,,,,,
350,1750,167.66,0.29,0.322,0.016734005,,,,,
351,1755,167.99,0.33,0.318,0.01652613,,,,,
352,1760,168.33,0.34,0.31,0.016110378,,,,,
353,1765,168.64,0.31,0.306,0.015902502,,,,,
354,1770,168.92,0.28,0.31,0.016110378,,,,,
355,1775,169.19,0.27,0.31,0.016110378,,,,,
356,1780,169.54,0.35,0.302,0.015694626,,,,,
357,1785,169.88,0.34,0.318,0.01652613,,,,,
358,1790,170.15,0.27,0.32,0.016630068,,,,,
359,1795,170.51,0.36,0.314,0.016318254,,,,,
360,1800,170.79,0.28,0.314,0.016318254,,,,,
361,1805,171.11,0.32,0.324,0.016837943,,,,,
362,1810,171.45,0.34,0.306,0.015902502,,,,,
363,1815,171.77,0.32,0.318,0.01652613,,,,,
364,1820,172.04,0.27,0.306,0.015902502,,,,,
365,1825,172.38,0.34,0.306,0.015902502,,,,,
366,1830,172.64,0.26,0.296,0.015382812,,,,,
367,1835,172.98,0.34,0.312,0.016214316,,,,,
368,1840,173.25,0.27,0.306,0.015902502,,,,,
369,1845,173.6,0.35,0.308,0.01600644,,,,,
370,1850,173.91,0.31,0.308,0.01600644,,,,,
371,1855,174.18,0.27,0.314,0.016318254,,,,,
372,1860,174.52,0.34,0.304,0.015798564,,,,,
373,1865,174.82,0.3,0.31,0.016110378,,,,,
374,1870,175.12,0.3,0.314,0.016318254,,,,,
375,1875,175.46,0.34,0.308,0.01600644,,,,,
376,1880,175.75,0.29,0.306,0.015902502,,,,,
377,1885,176.06,0.31,0.3,0.015590688,,,,,
378,1890,176.35,0.29,0.3,0.015590688,,,,,
379,1895,176.62,0.27,0.308,0.01600644,,,,,
380,1900,176.96,0.34,0.306,0.015902502,,,,,
381,1905,177.29,0.33,0.304,0.015798564,,,,,
382,1910,177.59,0.3,0.306,0.015902502,,,,,
383,1915,177.87,0.28,0.304,0.015798564,,,,,
384,1920,178.15,0.28,0.294,0.015278875,,,,,
385,1925,178.48,0.33,0.3,0.015590688,,,,,
386,1930,178.76,0.28,0.308,0.01600644,,,,,
387,1935,179.09,0.33,0.308,0.01600644,,,,,
388,1940,179.41,0.32,0.306,0.015902502,,,,,
389,1945,179.69,0.28,0.306,0.015902502,,,,,
390,1950,180.01,0.32,0.306,0.015902502,,,,,
391,1955,180.29,0.28,0.296,0.015382812,,,,,
392,1960,180.62,0.33,0.306,0.015902502,,,,,
393,1965,180.89,0.27,0.294,0.015278875,,,,,
394,1970,181.22,0.33,0.304,0.015798564,,,,,
395,1975,181.48,0.26,0.292,0.015174937,,,,,
396,1980,181.81,0.33,0.302,0.015694626,,,,,
397,1985,182.08,0.27,0.29,0.015070999,,,,,
398,1990,182.4,0.32,0.296,0.015382812,,,,,
399,1995,182.67,0.27,0.292,0.015174937,,,,,
400,2000,182.96,0.29,0.304,0.015798564,,,,,
401,2005,183.27,0.31,0.29,0.015070999,,,,,
402,2010,183.6,0.33,0.304,0.015798564,,,,,
403,2015,183.85,0.25,0.298,0.01548675,,,,,
404,2020,184.19,0.34,0.304,0.015798564,,,,,
405,2025,184.45,0.26,0.294,0.015278875,,,,,
406,2030,184.79,0.34,0.296,0.015382812,,,,,
407,2035,185.07,0.28,0.294,0.015278875,,,,,
408,2040,185.33,0.26,0.296,0.015382812,,,,,
409,2045,185.66,0.33,0.294,0.015278875,,,,,
410,2050,185.93,0.27,0.29,0.015070999,,,,,
411,2055,186.26,0.33,0.306,0.015902502,,,,,
412,2060,186.52,0.26,0.294,0.015278875,,,,,
413,2065,186.86,0.34,0.292,0.015174937,,,,,
414,2070,187.13,0.27,0.29,0.015070999,,,,,
415,2075,187.39,0.26,0.294,0.015278875,,,,,
416,2080,187.71,0.32,0.286,0.014863123,,,,,
417,2085,187.99,0.28,0.292,0.015174937,,,,,
418,2090,188.29,0.3,0.29,0.015070999,,,,,
419,2095,188.59,0.3,0.29,0.015070999,,,,,
420,2100,188.84,0.25,0.292,0.015174937,,,,,
421,2105,189.16,0.32,0.284,0.014759185,,,,,
422,2110,189.45,0.29,0.294,0.015278875,,,,,
423,2115,189.71,0.26,0.294,0.015278875,,,,,
424,2120,190.06,0.35,0.284,0.014759185,,,,,
425,2125,190.31,0.25,0.294,0.015278875,,,,,
426,2130,190.58,0.27,0.296,0.015382812,,,,,
427,2135,190.92,0.34,0.28,0.014551309,,,,,
428,2140,191.19,0.27,0.296,0.015382812,,,,,
429,2145,191.46,0.27,0.298,0.01548675,,,,,
430,2150,191.79,0.33,0.284,0.014759185,,,,,
431,2155,192.07,0.28,0.284,0.014759185,,,,,
432,2160,192.34,0.27,0.296,0.015382812,,,,,
433,2165,192.61,0.27,0.284,0.014759185,,,,,
434,2170,192.94,0.33,0.278,0.014447371,,,,,
435,2175,193.21,0.27,0.29,0.015070999,,,,,
436,2180,193.46,0.25,0.292,0.015174937,,,,,
437,2185,193.79,0.33,0.276,0.014343433,,,,,
438,2190,194.07,0.28,0.29,0.015070999,,,,,
439,2195,194.32,0.25,0.294,0.015278875,,,,,
440,2200,194.66,0.34,0.286,0.014863123,,,,,
441,2205,194.93,0.27,0.28,0.014551309,,,,,
442,2210,195.22,0.29,0.294,0.015278875,,,,,
443,2215,195.47,0.25,0.284,0.014759185,,,,,
444,2220,195.79,0.32,0.28,0.014551309,,,,,
445,2225,196.08,0.29,0.274,0.014239495,,,,,
446,2230,196.33,0.25,0.294,0.015278875,,,,,
447,2235,196.59,0.26,0.28,0.014551309,,,,,
448,2240,196.94,0.35,0.274,0.014239495,,,,,
449,2245,197.19,0.25,0.292,0.015174937,,,,,
450,2250,197.45,0.26,0.294,0.015278875,,,,,
451,2255,197.79,0.34,0.278,0.014447371,,,,,
452,2260,198.06,0.27,0.282,0.014655247,,,,,
453,2265,198.33,0.27,0.282,0.014655247,,,,,
454,2270,198.6,0.27,0.276,0.014343433,,,,,
455,2275,198.86,0.26,0.28,0.014551309,,,,,
456,2280,199.17,0.31,0.278,0.014447371,,,,,
457,2285,199.46,0.29,0.278,0.014447371,,,,,
458,2290,199.72,0.26,0.28,0.014551309,,,,,
459,2295,199.99,0.27,0.284,0.014759185,,,,,
460,2300,200.26,0.27,0.28,0.014551309,,,,,
461,2305,200.59,0.33,0.28,0.014551309,,,,,
462,2310,200.86,0.27,0.28,0.014551309,,,,,
463,2315,201.12,0.26,0.288,0.014967061,,,,,
464,2320,201.39,0.27,0.278,0.014447371,,,,,
465,2325,201.7,0.31,0.278,0.014447371,,,,,
466,2330,201.98,0.28,0.276,0.014343433,,,,,
467,2335,202.25,0.27,0.288,0.014967061,,,,,
468,2340,202.5,0.25,0.284,0.014759185,,,,,
469,2345,202.83,0.33,0.28,0.014551309,,,,,
470,2350,203.12,0.29,0.274,0.014239495,,,,,
471,2355,203.38,0.26,0.278,0.014447371,,,,,
472,2360,203.62,0.24,0.262,0.013615868,,,,,
473,2365,203.89,0.27,0.272,0.014135557,,,,,
474,2370,204.14,0.25,0.272,0.014135557,,,,,
475,2375,204.48,0.34,0.278,0.014447371,,,,,
476,2380,204.74,0.26,0.276,0.014343433,,,,,
477,2385,205.01,0.27,0.278,0.014447371,,,,,
478,2390,205.27,0.26,0.276,0.014343433,,,,,
479,2395,205.53,0.26,0.278,0.014447371,,,,,
480,2400,205.86,0.33,0.276,0.014343433,,,,,
481,2405,206.13,0.27,0.276,0.014343433,,,,,
482,2410,206.39,0.26,0.278,0.014447371,,,,,
483,2415,206.65,0.26,0.262,0.013615868,,,,,
484,2420,206.92,0.27,0.276,0.014343433,,,,,
485,2425,207.17,0.25,0.276,0.014343433,,,,,
486,2430,207.51,0.34,0.276,0.014343433,,,,,
487,2435,207.77,0.26,0.274,0.014239495,,,,,
488,2440,208.03,0.26,0.274,0.014239495,,,,,
489,2445,208.29,0.26,0.258,0.013407992,,,,,
490,2450,208.54,0.25,0.272,0.014135557,,,,,
491,2455,208.8,0.26,0.274,0.014239495,,,,,
492,2460,209.13,0.33,0.274,0.014239495,,,,,
493,2465,209.4,0.27,0.278,0.014447371,,,,,
494,2470,209.66,0.26,0.276,0.014343433,,,,,
495,2475,209.93,0.27,0.264,0.013719806,,,,,
496,2480,210.18,0.25,0.26,0.01351193,,,,,
497,2485,210.45,0.27,0.274,0.014239495,,,,,
498,2490,210.7,0.25,0.276,0.014343433,,,,,
499,2495,211.03,0.33,0.274,0.014239495,,,,,
500,2500,211.31,0.28,0.276,0.014343433,,,,,
501,2505,211.55,0.24,0.282,0.014655247,,,,,
502,2510,211.83,0.28,0.268,0.013927682,,,,,
503,2515,212.11,0.28,0.264,0.013719806,,,,,
504,2520,212.37,0.26,0.268,0.013927682,,,,,
505,2525,212.63,0.26,0.266,0.013823744,,,,,
506,2530,212.89,0.26,0.264,0.013719806,,,,,
507,2535,213.16,0.27,0.264,0.013719806,,,,,
508,2540,213.43,0.27,0.262,0.013615868,,,,,
509,2545,213.69,0.26,0.272,0.014135557,,,,,
510,2550,213.94,0.25,0.272,0.014135557,,,,,
511,2555,214.25,0.31,0.27,0.014031619,,,,,
512,2560,214.52,0.27,0.272,0.014135557,,,,,
513,2565,214.78,0.26,0.274,0.014239495,,,,,
514,2570,215.05,0.27,0.264,0.013719806,,,,,
515,2575,215.31,0.26,0.268,0.013927682,,,,,
516,2580,215.57,0.26,0.266,0.013823744,,,,,
517,2585,215.86,0.29,0.266,0.013823744,,,,,
518,2590,216.11,0.25,0.264,0.013719806,,,,,
519,2595,216.38,0.27,0.266,0.013823744,,,,,
520,2600,216.63,0.25,0.262,0.013615868,,,,,
521,2605,216.9,0.27,0.264,0.013719806,,,,,
522,2610,217.17,0.27,0.264,0.013719806,,,,,
523,2615,217.43,0.26,0.262,0.013615868,,,,,
524,2620,217.7,0.27,0.256,0.013304054,,,,,
525,2625,217.94,0.24,0.256,0.013304054,,,,,
526,2630,218.18,0.24,0.258,0.013407992,,,,,
527,2635,218.45,0.27,0.256,0.013304054,,,,,
528,2640,218.72,0.27,0.258,0.013407992,,,,,
529,2645,218.98,0.26,0.264,0.013719806,,,,,
530,2650,219.23,0.25,0.264,0.013719806,,,,,
531,2655,219.5,0.27,0.26,0.01351193,,,,,
532,2660,219.77,0.27,0.264,0.013719806,,,,,
533,2665,220.02,0.25,0.264,0.013719806,,,,,
534,2670,220.3,0.28,0.264,0.013719806,,,,,
535,2675,220.55,0.25,0.262,0.013615868,,,,,
536,2680,220.82,0.27,0.264,0.013719806,,,,,
537,2685,221.08,0.26,0.262,0.013615868,,,,,
538,2690,221.34,0.26,0.26,0.01351193,,,,,
539,2695,221.61,0.27,0.256,0.013304054,,,,,
540,2700,221.85,0.24,0.256,0.013304054,,,,,
541,2705,222.1,0.25,0.256,0.013304054,,,,,
542,2710,222.36,0.26,0.252,0.013096178,,,,,
543,2715,222.62,0.26,0.258,0.013407992,,,,,
544,2720,222.87,0.25,0.262,0.013615868,,,,,
545,2725,223.14,0.27,0.262,0.013615868,,,,,
546,2730,223.41,0.27,0.262,0.013615868,,,,,
547,2735,223.67,0.26,0.268,0.013927682,,,,,
548,2740,223.93,0.26,0.264,0.013719806,,,,,
549,2745,224.21,0.28,0.264,0.013719806,,,,,
550,2750,224.46,0.25,0.262,0.013615868,,,,,
551,2755,224.73,0.27,0.264,0.013719806,,,,,
552,2760,224.98,0.25,0.26,0.01351193,,,,,
553,2765,225.25,0.27,0.26,0.01351193,,,,,
554,2770,225.51,0.26,0.262,0.013615868,,,,,
555,2775,225.76,0.25,0.264,0.013719806,,,,,
556,2780,226.04,0.28,0.262,0.013615868,,,,,
557,2785,226.3,0.26,0.26,0.01351193,,,,,
558,2790,226.56,0.26,0.26,0.01351193,,,,,
559,2795,226.81,0.25,0.254,0.013200116,,,,,
560,2800,227.06,0.25,0.256,0.013304054,,,,,
561,2805,227.31,0.25,0.254,0.013200116,,,,,
562,2810,227.58,0.27,0.254,0.013200116,,,,,
563,2815,227.83,0.25,0.256,0.013304054,,,,,
564,2820,228.08,0.25,0.258,0.013407992,,,,,
565,2825,228.34,0.26,0.25,0.01299224,,,,,
566,2830,228.6,0.26,0.242,0.012576489,,,,,
567,2835,228.83,0.23,0.246,0.012784364,,,,,
568,2840,229.04,0.21,0.244,0.012680426,,,,,
569,2845,229.31,0.27,0.244,0.012680426,,,,,
570,2850,229.56,0.25,0.252,0.013096178,,,,,
571,2855,229.82,0.26,0.264,0.013719806,,,,,
572,2860,230.09,0.27,0.26,0.01351193,,,,,
573,2865,230.36,0.27,0.262,0.013615868,,,,,
574,2870,230.61,0.25,0.262,0.013615868,,,,,
575,2875,230.87,0.26,0.26,0.01351193,,,,,
576,2880,231.13,0.26,0.256,0.013304054,,,,,
577,2885,231.39,0.26,0.254,0.013200116,,,,,
578,2890,231.64,0.25,0.244,0.012680426,,,,,
579,2895,231.88,0.24,0.24,0.012472551,,,,,
580,2900,232.09,0.21,0.244,0.012680426,,,,,
581,2905,232.33,0.24,0.246,0.012784364,,,,,
582,2910,232.61,0.28,0.25,0.01299224,,,,,
583,2915,232.87,0.26,0.258,0.013407992,,,,,
584,2920,233.13,0.26,0.264,0.013719806,,,,,
585,2925,233.38,0.25,0.26,0.01351193,,,,,
586,2930,233.65,0.27,0.244,0.012680426,,,,,
587,2935,233.91,0.26,0.246,0.012784364,,,,,
588,2940,234.09,0.18,0.248,0.012888302,,,,,
589,2945,234.36,0.27,0.246,0.012784364,,,,,
590,2950,234.62,0.26,0.244,0.012680426,,,,,
591,2955,234.88,0.26,0.26,0.01351193,,,,,
592,2960,235.13,0.25,0.258,0.013407992,,,,,
593,2965,235.39,0.26,0.256,0.013304054,,,,,
594,2970,235.65,0.26,0.254,0.013200116,,,,,
595,2975,235.9,0.25,0.258,0.013407992,,,,,
596,2980,236.15,0.25,0.242,0.012576489,,,,,
597,2985,236.42,0.27,0.242,0.012576489,,,,,
598,2990,236.6,0.18,0.244,0.012680426,,,,,
599,2995,236.86,0.26,0.246,0.012784364,,,,,
600,3000,237.12,0.26,0.244,0.012680426,,,,,
601,3005,237.38,0.26,0.258,0.013407992,,,,,
602,3010,237.64,0.26,0.258,0.013407992,,,,,
603,3015,237.89,0.25,0.244,0.012680426,,,,,
604,3020,238.15,0.26,0.244,0.012680426,,,,,
605,3025,238.34,0.19,0.244,0.012680426,,,,,
606,3030,238.6,0.26,0.246,0.012784364,,,,,
607,3035,238.86,0.26,0.244,0.012680426,,,,,
608,3040,239.12,0.26,0.256,0.013304054,,,,,
609,3045,239.37,0.25,0.246,0.012784364,,,,,
610,3050,239.62,0.25,0.248,0.012888302,,,,,
611,3055,239.83,0.21,0.246,0.012784364,,,,,
612,3060,240.1,0.27,0.246,0.012784364,,,,,
613,3065,240.35,0.25,0.232,0.012056799,,,,,
614,3070,240.6,0.25,0.244,0.012680426,,,,,
615,3075,240.78,0.18,0.242,0.012576489,,,,,
616,3080,241.05,0.27,0.244,0.012680426,,,,,
617,3085,241.31,0.26,0.246,0.012784364,,,,,
618,3090,241.57,0.26,0.258,0.013407992,,,,,
619,3095,241.83,0.26,0.256,0.013304054,,,,,
620,3100,242.07,0.24,0.254,0.013200116,,,,,
621,3105,242.33,0.26,0.242,0.012576489,,,,,
622,3110,242.58,0.25,0.24,0.012472551,,,,,
623,3115,242.78,0.2,0.242,0.012576489,,,,,
624,3120,243.03,0.25,0.246,0.012784364,,,,,
625,3125,243.28,0.25,0.23,0.011952861,,,,,
626,3130,243.56,0.28,0.242,0.012576489,,,,,
627,3135,243.73,0.17,0.246,0.012784364,,,,,
628,3140,243.99,0.26,0.246,0.012784364,,,,,
629,3145,244.26,0.27,0.242,0.012576489,,,,,
630,3150,244.51,0.25,0.244,0.012680426,,,,,
631,3155,244.77,0.26,0.244,0.012680426,,,,,
632,3160,244.95,0.18,0.244,0.012680426,,,,,
633,3165,245.21,0.26,0.244,0.012680426,,,,,
634,3170,245.48,0.27,0.228,0.011848923,,,,,
635,3175,245.73,0.25,0.244,0.012680426,,,,,
636,3180,245.91,0.18,0.242,0.012576489,,,,,
637,3185,246.17,0.26,0.238,0.012368613,,,,,
638,3190,246.42,0.25,0.24,0.012472551,,,,,
639,3195,246.67,0.25,0.254,0.013200116,,,,,
640,3200,246.93,0.26,0.238,0.012368613,,,,,
641,3205,247.18,0.25,0.242,0.012576489,,,,,
642,3210,247.36,0.18,0.246,0.012784364,,,,,
643,3215,247.63,0.27,0.244,0.012680426,,,,,
644,3220,247.9,0.27,0.24,0.012472551,,,,,
645,3225,248.15,0.25,0.244,0.012680426,,,,,
646,3230,248.38,0.23,0.242,0.012576489,,,,,
647,3235,248.58,0.2,0.238,0.012368613,,,,,
648,3240,248.84,0.26,0.238,0.012368613,,,,,
649,3245,249.09,0.25,0.228,0.011848923,,,,,
650,3250,249.34,0.25,0.242,0.012576489,,,,,
651,3255,249.52,0.18,0.244,0.012680426,,,,,
652,3260,249.79,0.27,0.244,0.012680426,,,,,
653,3265,250.06,0.27,0.23,0.011952861,,,,,
654,3270,250.31,0.25,0.244,0.012680426,,,,,
655,3275,250.49,0.18,0.244,0.012680426,,,,,
656,3280,250.74,0.25,0.24,0.012472551,,,,,
657,3285,251.01,0.27,0.226,0.011744985,,,,,
658,3290,251.26,0.25,0.24,0.012472551,,,,,
659,3295,251.44,0.18,0.244,0.012680426,,,,,
660,3300,251.69,0.25,0.238,0.012368613,,,,,
661,3305,251.96,0.27,0.226,0.011744985,,,,,
662,3310,252.2,0.24,0.242,0.012576489,,,,,
663,3315,252.39,0.19,0.242,0.012576489,,,,,
664,3320,252.65,0.26,0.224,0.011641047,,,,,
665,3325,252.9,0.25,0.228,0.011848923,,,,,
666,3330,253.08,0.18,0.242,0.012576489,,,,,
667,3335,253.34,0.26,0.238,0.012368613,,,,,
668,3340,253.6,0.26,0.228,0.011848923,,,,,
669,3345,253.84,0.24,0.246,0.012784364,,,,,
670,3350,254.04,0.2,0.244,0.012680426,,,,,
671,3355,254.31,0.27,0.23,0.011952861,,,,,
672,3360,254.56,0.25,0.234,0.012160737,,,,,
673,3365,254.75,0.19,0.246,0.012784364,,,,,
674,3370,255.01,0.26,0.238,0.012368613,,,,,
675,3375,255.27,0.26,0.23,0.011952861,,,,,
676,3380,255.5,0.23,0.244,0.012680426,,,,,
677,3385,255.71,0.21,0.242,0.012576489,,,,,
678,3390,255.97,0.26,0.228,0.011848923,,,,,
679,3395,256.22,0.25,0.234,0.012160737,,,,,
680,3400,256.41,0.19,0.24,0.012472551,,,,,
681,3405,256.67,0.26,0.24,0.012472551,,,,,
682,3410,256.91,0.24,0.226,0.011744985,,,,,
683,3415,257.17,0.26,0.242,0.012576489,,,,,
684,3420,257.35,0.18,0.224,0.011641047,,,,,
685,3425,257.62,0.27,0.228,0.011848923,,,,,
686,3430,257.79,0.17,0.228,0.011848923,,,,,
687,3435,258.05,0.26,0.238,0.012368613,,,,,
688,3440,258.31,0.26,0.226,0.011744985,,,,,
689,3445,258.54,0.23,0.242,0.012576489,,,,,
690,3450,258.75,0.21,0.24,0.012472551,,,,,
691,3455,259,0.25,0.228,0.011848923,,,,,
692,3460,259.25,0.25,0.232,0.012056799,,,,,
693,3465,259.45,0.2,0.228,0.011848923,,,,,
694,3470,259.7,0.25,0.232,0.012056799,,,,,
695,3475,259.89,0.19,0.232,0.012056799,,,,,
696,3480,260.16,0.27,0.23,0.011952861,,,,,
697,3485,260.41,0.25,0.23,0.011952861,,,,,
698,3490,260.6,0.19,0.242,0.012576489,,,,,
699,3495,260.85,0.25,0.228,0.011848923,,,,,
700,3500,261.1,0.25,0.228,0.011848923,,,,,
701,3505,261.3,0.2,0.24,0.012472551,,,,,
702,3510,261.55,0.25,0.23,0.011952861,,,,,
703,3515,261.8,0.25,0.23,0.011952861,,,,,
704,3520,262,0.2,0.224,0.011641047,,,,,
705,3525,262.25,0.25,0.23,0.011952861,,,,,
706,3530,262.42,0.17,0.23,0.011952861,,,,,
707,3535,262.7,0.28,0.228,0.011848923,,,,,
708,3540,262.95,0.25,0.228,0.011848923,,,,,
709,3545,263.14,0.19,0.246,0.012784364,,,,,
710,3550,263.39,0.25,0.226,0.011744985,,,,,
711,3555,263.65,0.26,0.228,0.011848923,,,,,
712,3560,263.83,0.18,0.242,0.012576489,,,,,
713,3565,264.09,0.26,0.228,0.011848923,,,,,
714,3570,264.35,0.26,0.226,0.011744985,,,,,
715,3575,264.53,0.18,0.238,0.012368613,,,,,
716,3580,264.78,0.25,0.224,0.011641047,,,,,
717,3585,265.02,0.24,0.226,0.011744985,,,,,
718,3590,265.21,0.19,0.238,0.012368613,,,,,
719,3595,265.48,0.27,0.224,0.011641047,,,,,
720,3600,265.72,0.24,0.228,0.011848923,,,,,
721,3605,265.9,0.18,0.236,0.012264675,,,,,
722,3610,266.16,0.26,0.218,0.011329234,,,,,
723,3615,266.39,0.23,0.22,0.011433171,,,,,
724,3620,266.57,0.18,0.23,0.011952861,,,,,
725,3625,266.82,0.25,0.22,0.011433171,,,,,
726,3630,267.05,0.23,0.226,0.011744985,,,,,
727,3635,267.26,0.21,0.224,0.011641047,,,,,
728,3640,267.52,0.26,0.228,0.011848923,,,,,
729,3645,267.69,0.17,0.232,0.012056799,,,,,
730,3650,267.96,0.27,0.226,0.011744985,,,,,
731,3655,268.21,0.25,0.226,0.011744985,,,,,
732,3660,268.39,0.18,0.242,0.012576489,,,,,
733,3665,268.65,0.26,0.224,0.011641047,,,,,
734,3670,268.9,0.25,0.224,0.011641047,,,,,
735,3675,269.08,0.18,0.238,0.012368613,,,,,
736,3680,269.33,0.25,0.222,0.011537109,,,,,
737,3685,269.58,0.25,0.224,0.011641047,,,,,
738,3690,269.76,0.18,0.236,0.012264675,,,,,
739,3695,270.02,0.26,0.22,0.011433171,,,,,
740,3700,270.26,0.24,0.222,0.011537109,,,,,
741,3705,270.43,0.17,0.222,0.011537109,,,,,
742,3710,270.69,0.26,0.22,0.011433171,,,,,
743,3715,270.87,0.18,0.222,0.011537109,,,,,
744,3720,271.12,0.25,0.224,0.011641047,,,,,
745,3725,271.37,0.25,0.224,0.011641047,,,,,
746,3730,271.55,0.18,0.234,0.012160737,,,,,
747,3735,271.81,0.26,0.222,0.011537109,,,,,
748,3740,272.04,0.23,0.224,0.011641047,,,,,
749,3745,272.23,0.19,0.224,0.011641047,,,,,
750,3750,272.49,0.26,0.222,0.011537109,,,,,
751,3755,272.67,0.18,0.228,0.011848923,,,,,
752,3760,272.92,0.25,0.224,0.011641047,,,,,
753,3765,273.18,0.26,0.222,0.011537109,,,,,
754,3770,273.35,0.17,0.234,0.012160737,,,,,
755,3775,273.6,0.25,0.224,0.011641047,,,,,
756,3780,273.84,0.24,0.222,0.011537109,,,,,
757,3785,274.04,0.2,0.22,0.011433171,,,,,
758,3790,274.29,0.25,0.22,0.011433171,,,,,
759,3795,274.45,0.16,0.222,0.011537109,,,,,
760,3800,274.7,0.25,0.22,0.011433171,,,,,
761,3805,274.95,0.25,0.22,0.011433171,,,,,
762,3810,275.14,0.19,0.222,0.011537109,,,,,
763,3815,275.39,0.25,0.226,0.011744985,,,,,
764,3820,275.56,0.17,0.224,0.011641047,,,,,
765,3825,275.83,0.27,0.222,0.011537109,,,,,
766,3830,276.07,0.24,0.222,0.011537109,,,,,
767,3835,276.25,0.18,0.234,0.012160737,,,,,
768,3840,276.5,0.25,0.22,0.011433171,,,,,
769,3845,276.73,0.23,0.22,0.011433171,,,,,
770,3850,276.93,0.2,0.22,0.011433171,,,,,
771,3855,277.17,0.24,0.22,0.011433171,,,,,
772,3860,277.35,0.18,0.21,0.010913482,,,,,
773,3865,277.6,0.25,0.222,0.011537109,,,,,
774,3870,277.78,0.18,0.218,0.011329234,,,,,
775,3875,278.04,0.26,0.222,0.011537109,,,,,
776,3880,278.26,0.22,0.222,0.011537109,,,,,
777,3885,278.46,0.2,0.22,0.011433171,,,,,
778,3890,278.71,0.25,0.216,0.011225296,,,,,
779,3895,278.88,0.17,0.224,0.011641047,,,,,
780,3900,279.12,0.24,0.22,0.011433171,,,,,
781,3905,279.38,0.26,0.22,0.011433171,,,,,
782,3910,279.56,0.18,0.222,0.011537109,,,,,
783,3915,279.81,0.25,0.224,0.011641047,,,,,
784,3920,279.99,0.18,0.22,0.011433171,,,,,
785,3925,280.24,0.25,0.22,0.011433171,,,,,
786,3930,280.48,0.24,0.22,0.011433171,,,,,
787,3935,280.66,0.18,0.22,0.011433171,,,,,
788,3940,280.91,0.25,0.22,0.011433171,,,,,
789,3945,281.09,0.18,0.22,0.011433171,,,,,
790,3950,281.34,0.25,0.22,0.011433171,,,,,
791,3955,281.58,0.24,0.22,0.011433171,,,,,
792,3960,281.76,0.18,0.218,0.011329234,,,,,
793,3965,282.01,0.25,0.216,0.011225296,,,,,
794,3970,282.18,0.17,0.206,0.010705606,,,,,
795,3975,282.42,0.24,0.222,0.011537109,,,,,
796,3980,282.61,0.19,0.204,0.010601668,,,,,
797,3985,282.87,0.26,0.224,0.011641047,,,,,
798,3990,283.03,0.16,0.21,0.010913482,,,,,
799,3995,283.3,0.27,0.224,0.011641047,,,,,
800,4000,283.47,0.17,0.206,0.010705606,,,,,
801,4005,283.73,0.26,0.226,0.011744985,,,,,
802,4010,283.9,0.17,0.22,0.011433171,,,,,
803,4015,284.16,0.26,0.222,0.011537109,,,,,
804,4020,284.4,0.24,0.22,0.011433171,,,,,
805,4025,284.58,0.18,0.222,0.011537109,,,,,
806,4030,284.83,0.25,0.22,0.011433171,,,,,
807,4035,285.01,0.18,0.208,0.010809544,,,,,
808,4040,285.26,0.25,0.224,0.011641047,,,,,
809,4045,285.44,0.18,0.21,0.010913482,,,,,
810,4050,285.7,0.26,0.224,0.011641047,,,,,
811,4055,285.88,0.18,0.208,0.010809544,,,,,
812,4060,286.13,0.25,0.222,0.011537109,,,,,
813,4065,286.3,0.17,0.204,0.010601668,,,,,
814,4070,286.55,0.25,0.22,0.011433171,,,,,
815,4075,286.72,0.17,0.204,0.010601668,,,,,
816,4080,286.98,0.26,0.222,0.011537109,,,,,
817,4085,287.15,0.17,0.208,0.010809544,,,,,
818,4090,287.41,0.26,0.224,0.011641047,,,,,
819,4095,287.59,0.18,0.21,0.010913482,,,,,
820,4100,287.84,0.25,0.226,0.011744985,,,,,
821,4105,288.03,0.19,0.21,0.010913482,,,,,
822,4110,288.28,0.25,0.224,0.011641047,,,,,
823,4115,288.46,0.18,0.208,0.010809544,,,,,
824,4120,288.71,0.25,0.224,0.011641047,,,,,
825,4125,288.88,0.17,0.208,0.010809544,,,,,
826,4130,289.15,0.27,0.222,0.011537109,,,,,
827,4135,289.32,0.17,0.206,0.010705606,,,,,
828,4140,289.57,0.25,0.224,0.011641047,,,,,
829,4145,289.74,0.17,0.202,0.01049773,,,,,
830,4150,290,0.26,0.22,0.011433171,,,,,
831,4155,290.16,0.16,0.204,0.010601668,,,,,
832,4160,290.42,0.26,0.22,0.011433171,,,,,
833,4165,290.59,0.17,0.204,0.010601668,,,,,
834,4170,290.84,0.25,0.224,0.011641047,,,,,
835,4175,291.02,0.18,0.206,0.010705606,,,,,
836,4180,291.28,0.26,0.224,0.011641047,,,,,
837,4185,291.45,0.17,0.208,0.010809544,,,,,
838,4190,291.71,0.26,0.222,0.011537109,,,,,
839,4195,291.88,0.17,0.206,0.010705606,,,,,
840,4200,292.13,0.25,0.222,0.011537109,,,,,
841,4205,292.31,0.18,0.208,0.010809544,,,,,
842,4210,292.56,0.25,0.22,0.011433171,,,,,
843,4215,292.75,0.19,0.208,0.010809544,,,,,
844,4220,292.98,0.23,0.218,0.011329234,,,,,
845,4225,293.17,0.19,0.208,0.010809544,,,,,
846,4230,293.4,0.23,0.214,0.011121358,,,,,
847,4235,293.6,0.2,0.208,0.010809544,,,,,
848,4240,293.82,0.22,0.204,0.010601668,,,,,
849,4245,294.02,0.2,0.21,0.010913482,,,,,
850,4250,294.19,0.17,0.206,0.010705606,,,,,
851,4255,294.45,0.26,0.212,0.01101742,,,,,
852,4260,294.63,0.18,0.21,0.010913482,,,,,
853,4265,294.88,0.25,0.208,0.010809544,,,,,
854,4270,295.07,0.19,0.21,0.010913482,,,,,
855,4275,295.23,0.16,0.216,0.011225296,,,,,
856,4280,295.5,0.27,0.206,0.010705606,,,,,
857,4285,295.71,0.21,0.204,0.010601668,,,,,
858,4290,295.91,0.2,0.222,0.011537109,,,,,
859,4295,296.09,0.18,0.212,0.01101742,,,,,
860,4300,296.34,0.25,0.21,0.010913482,,,,,
861,4305,296.56,0.22,0.204,0.010601668,,,,,
862,4310,296.76,0.2,0.22,0.011433171,,,,,
863,4315,296.93,0.17,0.204,0.010601668,,,,,
864,4320,297.19,0.26,0.21,0.010913482,,,,,
865,4325,297.36,0.17,0.204,0.010601668,,,,,
866,4330,297.61,0.25,0.222,0.011537109,,,,,
867,4335,297.78,0.17,0.206,0.010705606,,,,,
868,4340,298.04,0.26,0.208,0.010809544,,,,,
869,4345,298.22,0.18,0.208,0.010809544,,,,,
870,4350,298.4,0.18,0.21,0.010913482,,,,,
871,4355,298.65,0.25,0.206,0.010705606,,,,,
872,4360,298.83,0.18,0.208,0.010809544,,,,,
873,4365,299.07,0.24,0.218,0.011329234,,,,,
874,4370,299.26,0.19,0.208,0.010809544,,,,,
875,4375,299.49,0.23,0.208,0.010809544,,,,,
876,4380,299.69,0.2,0.21,0.010913482,,,,,
877,4385,299.87,0.18,0.208,0.010809544,,,,,
878,4390,300.12,0.25,0.208,0.010809544,,,,,
879,4395,300.3,0.18,0.208,0.010809544,,,,,
880,4400,300.53,0.23,0.206,0.010705606,,,,,
881,4405,300.73,0.2,0.208,0.010809544,,,,,
882,4410,300.9,0.17,0.204,0.010601668,,,,,
883,4415,301.16,0.26,0.202,0.01049773,,,,,
884,4420,301.32,0.16,0.206,0.010705606,,,,,
885,4425,301.54,0.22,0.204,0.010601668,,,,,
886,4430,301.76,0.22,0.188,0.009770165,,,,,
887,4435,301.92,0.16,0.174,0.009042599,,,,,
888,4440,302.1,0.18,0.164,0.00852291,,,,,
889,4445,302.19,0.09,0.148,0.007691406,,,,,
890,4450,302.36,0.17,0.14,0.007275655,,,,,
891,4455,302.5,0.14,0.122,0.006340213,,,,,
892,4460,302.62,0.12,0.122,0.006340213,,,,,
893,4465,302.71,0.09,0.108,0.005612648,,,,,
894,4470,302.8,0.09,0.094,0.004885082,,,,,
895,4475,302.9,0.1,0.088,0.004573269,,,,,
896,4480,302.97,0.07,0.07,0.003637827,,,,,
897,4485,303.06,0.09,0.07,0.003637827,,,,,
898,4490,303.06,0,0.066,0.003429951,,,,,
899,4495,303.15,0.09,0.068,0.003533889,,,,,
900,4500,303.23,0.08,0.05,0.002598448,,,,,
901,4505,303.31,0.08,0.05,0.002598448,,,,,
902,4510,303.31,0,0.032,0.001663007,,,,,
,,,,,,,,,,
,,,,,,,,,,
,,,,,,,,,,
,,,,,,,,,,
,,,,,,,,,,
,,,,,,,,,,
,,,,,,,,,,
,,,,,,,,,,
,,,,,,,,,,
,,,,,,,,,,
,,,,,,,,,,
,,,,,,,,,,
,,,,,,,,,,
,,,,,,,,,,
,,,,,,,,,,
,,,,,,,,,,
,,,,,,,,,,
,,,,,,,,,,
,,,,,,,,,,
,,,,,,,,,,
,,,,,,,,,,
,,,,,,,,,,
,,,,,,,,,,
,,,,,,,,,,
,,,,,,,,,,
,,,,,,,,,,
,,,,,,,,,,
,,,,,,,,,,
,,,,,,,,,,
,,,,,,,,,,
,,,,,,,,,,
,,,,,,,,,,
,,,,,,,,,,
,,,,,,,,,,
,,,,,,,,,,
,,,,,,,,,,
,,,,,,,,,,
,,,,,,,,,,
,,,,,,,,,,
,,,,,,,,,,
,,,,,,,,,,
,,,,,,,,,,
,,,,,,,,,,
,,,,,,,,,,
,,,,,,,,,,
,,,,,,,,,,
,,,,,,,,,,
,,,,,,,,,,
,,,,,,,,,,
,,,,,,,,,,
,,,,,,,,,,
,,,,,,,,,,
,,,,,,,,,,
,,,,,,,,,,
,,,,,,,,,,
,,,,,,,,,,
,,,,,,,,,,
,,,,,,,,,,
,,,,,,,,,,
,,,,,,,,,,
,,,,,,,,,,
,,,,,,,,,,
,,,,,,,,,,
,,,,,,,,,,
,,,,,,,,,,
,,,,,,,,,,
,,,,,,,,,,
,,,,,,,,,,
,,,,,,,,,,
,,,,,,,,,,
,,,,,,,,,,
,,,,,,,,,,
,,,,,,,,,,
,,,,,,,,,,
,,,,,,,,,,
,,,,,,,,,,
,,,,,,,,,,
,,,,,,,,,,
,,,,,,,,,,
,,,,,,,,,,
,,,,,,,,,,
,,,,,,,,,,
,,,,,,,,,,
,,,,,,,,,,
,,,,,,,,,,
,,,,,,,,,,
,,,,,,,,,,
,,,,,,,,,,
,,,,,,,,,,
,,,,,,,,,,
,,,,,,,,,,
,,,,,,,,,,
,,,,,,,,,,
,,,,,,,,,,
,,,,,,,,,,
,,,,,,,,,,
,,,,,,,,,,
,,,,,,,,,,
,,,,,,,,,,
,,,,,,,,,,
,,,,,,,,,,
,,,,,,,,,,
,,,,,,,,,,
,,,,,,,,,,
,,,,,,,,,,
,,,,,,,,,,
,,,,,,,,,,
,,,,,,,,,,
,,,,,,,,,,
,,,,,,,,,,
,,,,,,,,,,
,,,,,,,,,,
,,,,,,,,,,
,,,,,,,,,,
,,,,,,,,,,
,,,,,,,,,,
,,,,,,,,,,
,,,,,,,,,,
,,,,,,,,,,
,,,,,,,,,,
,,,,,,,,,,
,,,,,,,,,,
,,,,,,,,,,
,,,,,,,,,,
,,,,,,,,,,
,,,,,,,,,,
,,,,,,,,,,
,,,,,,,,,,
,,,,,,,,,,
,,,,,,,,,,
,,,,,,,,,,
,,,,,,,,,,
,,,,,,,,,,
,,,,,,,,,,
,,,,,,,,,,
,,,,,,,,,,
,,,,,,,,,,
,,,,,,,,,,
,,,,,,,,,,
,,,,,,,,,,
,,,,,,,,,,
,,,,,,,,,,
,,,,,,,,,,
,,,,,,,,,,
,,,,,,,,,,
,,,,,,,,,,
,,,,,,,,,,
,,,,,,,,,,
,,,,,,,,,,
,,,,,,,,,,
,,,,,,,,,,
,,,,,,,,,,
,,,,,,,,,,
,,,,,,,,,,
,,,,,,,,,,
,,,,,,,,,,
,,,,,,,,,,
,,,,,,,,,,
,,,,,,,,,,
,,,,,,,,,,
,,,,,,,,,,
,,,,,,,,,,
,,,,,,,,,,
,,,,,,,,,,
,,,,,,,,,,
,,,,,,,,,,
,,,,,,,,,,
,,,,,,,,,,
,,,,,,,,,,
,,,,,,,,,,
,,,,,,,,,,
,,,,,,,,,,
,,,,,,,,,,
,,,,,,,,,,
,,,,,,,,,,
,,,,,,,,,,
,,,,,,,,,,
,,,,,,,,,,
,,,,,,,,,,
,,,,,,,,,,
,,,,,,,,,,
,,,,,,,,,,
,,,,,,,,,,
,,,,,,,,,,
,,,,,,,,,,
,,,,,,,,,,
,,,,,,,,,,
,,,,,,,,,,
,,,,,,,,,,
,,,,,,,,,,
,,,,,,,,,,
,,,,,,,,,,
,,,,,,,,,,
,,,,,,,,,,
,,,,,,,,,,
,,,,,,,,,,
,,,,,,,,,,
,,,,,,,,,,
,,,,,,,,,,
,,,,,,,,,,
,,,,,,,,,,
,,,,,,,,,,
,,,,,,,,,,
,,,,,,,,,,
,,,,,,,,,,
,,,,,,,,,,
,,,,,,,,,,
,,,,,,,,,,
,,,,,,,,,,
,,,,,,,,,,
,,,,,,,,,,
,,,,,,,,,,
,,,,,,,,,,
,,,,,,,,,,
,,,,,,,,,,
,,,,,,,,,,
,,,,,,,,,,
,,,,,,,,,,
,,,,,,,,,,
,,,,,,,,,,
,,,,,,,,,,
,,,,,,,,,,
,,,,,,,,,,
,,,,,,,,,,
,,,,,,,,,,
,,,,,,,,,,
,,,,,,,,,,
,,,,,,,,,,
,,,,,,,,,,
,,,,,,,,,,
,,,,,,,,,,
,,,,,,,,,,
,,,,,,,,,,
,,,,,,,,,,
,,,,,,,,,,
,,,,,,,,,,
,,,,,,,,,,
,,,,,,,,,,
,,,,,,,,,,
,,,,,,,,,,
,,,,,,,,,,
,,,,,,,,,,
,,,,,,,,,,
,,,,,,,,,,
,,,,,,,,,,
,,,,,,,,,,
,,,,,,,,,,
,,,,,,,,,,
,,,,,,,,,,
,,,,,,,,,,
,,,,,,,,,,
,,,,,,,,,,
,,,,,,,,,,
,,,,,,,,,,
,,,,,,,,,,
,,,,,,,,,,
,,,,,,,,,,
,,,,,,,,,,
,,,,,,,,,,
,,,,,,,,,,
,,,,,,,,,,
,,,,,,,,,,
,,,,,,,,,,
,,,,,,,,,,
,,,,,,,,,,
,,,,,,,,,,
,,,,,,,,,,
,,,,,,,,,,
,,,,,,,,,,
,,,,,,,,,,
,,,,,,,,,,
,,,,,,,,,,
,,,,,,,,,,
,,,,,,,,,,
,,,,,,,,,,
,,,,,,,,,,
,,,,,,,,,,
,,,,,,,,,,
,,,,,,,,,,
,,,,,,,,,,
,,,,,,,,,,
,,,,,,,,,,
,,,,,,,,,,
,,,,,,,,,,
,,,,,,,,,,
,,,,,,,,,,
,,,,,,,,,,
,,,,,,,,,,
,,,,,,,,,,
,,,,,,,,,,
,,,,,,,,,,
,,,,,,,,,,
,,,,,,,,,,
,,,,,,,,,,
,,,,,,,,,,
,,,,,,,,,,
,,,,,,,,,,
,,,,,,,,,,
,,,,,,,,,,
,,,,,,,,,,
,,,,,,,,,,
,,,,,,,,,,
,,,,,,,,,,
,,,,,,,,,,
,,,,,,,,,,
,,,,,,,,,,
,,,,,,,,,,
,,,,,,,,,,
,,,,,,,,,,
,,,,,,,,,,
,,,,,,,,,,
,,,,,,,,,,
,,,,,,,,,,
,,,,,,,,,,
,,,,,,,,,,
,,,,,,,,,,
,,,,,,,,,,
,,,,,,,,,,
,,,,,,,,,,
,,,,,,,,,,
,,,,,,,,,,
,,,,,,,,,,
,,,,,,,,,,
,,,,,,,,,,
,,,,,,,,,,
,,,,,,,,,,
,,,,,,,,,,
,,,,,,,,,,
,,,,,,,,,,
,,,,,,,,,,
,,,,,,,,,,
,,,,,,,,,,
,,,,,,,,,,
,,,,,,,,,,
,,,,,,,,,,
,,,,,,,,,,
,,,,,,,,,,
,,,,,,,,,,
,,,,,,,,,,
,,,,,,,,,,
,,,,,,,,,,
,,,,,,,,,,
,,,,,,,,,,
,,,,,,,,,,
,,,,,,,,,,
,,,,,,,,,,
,,,,,,,,,,
,,,,,,,,,,
,,,,,,,,,,
,,,,,,,,,,
,,,,,,,,,,
,,,,,,,,,,
,,,,,,,,,,
,,,,,,,,,,
,,,,,,,,,,
,,,,,,,,,,
,,,,,,,,,,
,,,,,,,,,,
,,,,,,,,,,
,,,,,,,,,,
,,,,,,,,,,
,,,,,,,,,,
,,,,,,,,,,
,,,,,,,,,,
,,,,,,,,,,
,,,,,,,,,,
,,,,,,,,,,
,,,,,,,,,,
,,,,,,,,,,
,,,,,,,,,,
,,,,,,,,,,
,,,,,,,,,,
,,,,,,,,,,
,,,,,,,,,,
,,,,,,,,,,
,,,,,,,,,,
,,,,,,,,,,
,,,,,,,,,,
,,,,,,,,,,
,,,,,,,,,,
,,,,,,,,,,
,,,,,,,,,,
,,,,,,,,,,
,,,,,,,,,,
,,,,,,,,,,
,,,,,,,,,,
,,,,,,,,,,
,,,,,,,,,,
,,,,,,,,,,
,,,,,,,,,,
,,,,,,,,,,
,,,,,,,,,,
,,,,,,,,,,
,,,,,,,,,,
,,,,,,,,,,
,,,,,,,,,,
,,,,,,,,,,
,,,,,,,,,,
,,,,,,,,,,
,,,,,,,,,,
,,,,,,,,,,
,,,,,,,,,,
,,,,,,,,,,
,,,,,,,,,,
,,,,,,,,,,
,,,,,,,,,,
,,,,,,,,,,
,,,,,,,,,,
,,,,,,,,,,
,,,,,,,,,,
,,,,,,,,,,
,,,,,,,,,,
,,,,,,,,,,
,,,,,,,,,,
,,,,,,,,,,
,,,,,,,,,,
,,,,,,,,,,
,,,,,,,,,,
,,,,,,,,,,
,,,,,,,,,,
,,,,,,,,,,
,,,,,,,,,,
,,,,,,,,,,
,,,,,,,,,,
,,,,,,,,,,
,,,,,,,,,,
,,,,,,,,,,
,,,,,,,,,,
,,,,,,,,,,
,,,,,,,,,,
,,,,,,,,,,
,,,,,,,,,,
,,,,,,,,,,
,,,,,,,,,,
,,,,,,,,,,
,,,,,,,,,,
,,,,,,,,,,
,,,,,,,,,,
,,,,,,,,,,
,,,,,,,,,,
,,,,,,,,,,
,,,,,,,,,,
,,,,,,,,,,
,,,,,,,,,,
,,,,,,,,,,
,,,,,,,,,,
,,,,,,,,,,
,,,,,,,,,,
,,,,,,,,,,
,,,,,,,,,,
,,,,,,,,,,
,,,,,,,,,,
,,,,,,,,,,
,,,,,,,,,,
,,,,,,,,,,
,,,,,,,,,,
,,,,,,,,,,
,,,,,,,,,,
,,,,,,,,,,
,,,,,,,,,,
,,,,,,,,,,
,,,,,,,,,,
,,,,,,,,,,
,,,,,,,,,,
,,,,,,,,,,
,,,,,,,,,,
,,,,,,,,,,
,,,,,,,,,,
,,,,,,,,,,
,,,,,,,,,,
,,,,,,,,,,
,,,,,,,,,,
,,,,,,,,,,
,,,,,,,,,,
,,,,,,,,,,
,,,,,,,,,,
,,,,,,,,,,
,,,,,,,,,,
,,,,,,,,,,
,,,,,,,,,,
,,,,,,,,,,
,,,,,,,,,,
,,,,,,,,,,
,,,,,,,,,,
,,,,,,,,,,
,,,,,,,,,,
,,,,,,,,,,
,,,,,,,,,,
,,,,,,,,,,
,,,,,,,,,,
,,,,,,,,,,
,,,,,,,,,,
,,,,,,,,,,
,,,,,,,,,,
,,,,,,,,,,
,,,,,,,,,,
,,,,,,,,,,
,,,,,,,,,,
,,,,,,,,,,
,,,,,,,,,,
,,,,,,,,,,
,,,,,,,,,,
,,,,,,,,,,
,,,,,,,,,,
,,,,,,,,,,
,,,,,,,,,,
,,,,,,,,,,
,,,,,,,,,,
,,,,,,,,,,
,,,,,,,,,,
,,,,,,,,,,
,,,,,,,,,,
,,,,,,,,,,
,,,,,,,,,,
,,,,,,,,,,
,,,,,,,,,,
,,,,,,,,,,
,,,,,,,,,,
,,,,,,,,,,
,,,,,,,,,,
,,,,,,,,,,
,,,,,,,,,,
,,,,,,,,,,
,,,,,,,,,,
,,,,,,,,,,
,,,,,,,,,,
,,,,,,,,,,
,,,,,,,,,,
,,,,,,,,,,
,,,,,,,,,,
,,,,,,,,,,
,,,,,,,,,,
,,,,,,,,,,
,,,,,,,,,,
,,,,,,,,,,
,,,,,,,,,,
,,,,,,,,,,
,,,,,,,,,,
,,,,,,,,,,
,,,,,,,,,,
,,,,,,,,,,
,,,,,,,,,,
,,,,,,,,,,
,,,,,,,,,,
,,,,,,,,,,
,,,,,,,,,,
,,,,,,,,,,
,,,,,,,,,,
,,,,,,,,,,
,,,,,,,,,,
,,,,,,,,,,
,,,,,,,,,,
,,,,,,,,,,
,,,,,,,,,,
,,,,,,,,,,
,,,,,,,,,,
,,,,,,,,,,
,,,,,,,,,,
,,,,,,,,,,
,,,,,,,,,,
,,,,,,,,,,
,,,,,,,,,,
,,,,,,,,,,
,,,,,,,,,,
,,,,,,,,,,
,,,,,,,,,,
,,,,,,,,,,
,,,,,,,,,,
,,,,,,,,,,
,,,,,,,,,,
,,,,,,,,,,
,,,,,,,,,,
,,,,,,,,,,
,,,,,,,,,,
,,,,,,,,,,
,,,,,,,,,,
,,,,,,,,,,
,,,,,,,,,,
,,,,,,,,,,
,,,,,,,,,,
,,,,,,,,,,
,,,,,,,,,,
,,,,,,,,,,
,,,,,,,,,,
,,,,,,,,,,
,,,,,,,,,,
,,,,,,,,,,
,,,,,,,,,,
,,,,,,,,,,
,,,,,,,,,,
,,,,,,,,,,
,,,,,,,,,,
,,,,,,,,,,
,,,,,,,,,,
,,,,,,,,,,
,,,,,,,,,,
,,,,,,,,,,
,,,,,,,,,,
,,,,,,,,,,
,,,,,,,,,,
,,,,,,,,,,
,,,,,,,,,,
,,,,,,,,,,
,,,,,,,,,,
,,,,,,,,,,
,,,,,,,,,,
,,,,,,,,,,
,,,,,,,,,,
,,,,,,,,,,
,,,,,,,,,,
,,,,,,,,,,
,,,,,,,,,,
,,,,,,,,,,
,,,,,,,,,,
,,,,,,,,,,
,,,,,,,,,,
,,,,,,,,,,
,,,,,,,,,,
